tipo	subdocumento	detalle	archivo
imagen	04_arquitectura_logica	4.7.1  Diagrama general de la arquitectura lógica	Diagramas/ARQL-01_Vision_general.png
imagen	04_arquitectura_logica	4.7.2  Diagrama del preventista de la arquitectura lógica	Diagramas/ARQL-02_Preventista.png
imagen	04_arquitectura_logica	4.7.3  Diagrama del conductor propio de la arquitectura lógica	Diagramas/ARQL-03_Conductor_propio.png
imagen	04_arquitectura_logica	4.7.4  Diagrama del conductor externo de la arquitectura lógica	Diagramas/ARQL-04_Conductor_externo.png
imagen	04_arquitectura_logica	4.7.5  Diagrama del cliente canal tradicional de la arquitectura lógica	Diagramas/ARQL-05_Cliente_canal_tradicional.png
imagen	04_arquitectura_logica	4.7.6  Diagrama del cliente canal moderno de la arquitectura lógica	Diagramas/ARQL-06_Cliente_canal_moderno.png
imagen	04_arquitectura_logica	4.7.7  Diagrama del transportista de la arquitectura lógica	Diagramas/ARQL-07_Transportista.png
imagen	04_arquitectura_logica	4.7.8  Diagrama del proveedor de la arquitectura lógica	Diagramas/ARQL-08_Proveedor.png
imagen	04_arquitectura_logica	4.7.9  Diagrama del preparador de la arquitectura lógica	Diagramas/ARQL-09_Preparador.png
imagen	04_arquitectura_logica	4.7.10  Diagrama de jefa de calidad de la arquitectura lógica	Diagramas/ARQL-10_Jefa_de_calidad.png
imagen	04_arquitectura_logica	4.7.11  Diagrama de gerente comercial de la arquitectura lógica	Diagramas/ARQL-11_Gerente_comercial.png
imagen	04_arquitectura_logica	4.7.12  Diagrama de gerente finanzas de la arquitectura lógica	Diagramas/ARQL-12_Gerente_finanzas.png
imagen	04_arquitectura_logica	4.7.13  Diagrama de planificador de rutas de la arquitectura lógica	Diagramas/ARQL-13_Planificador_de_rutas.png
imagen	04_arquitectura_logica	4.7.14  Diagrama de gerente de TI de la arquitectura lógica	Diagramas/ARQL-14_Gerente_TI.png
imagen	05_arquitectura_fisica	(a) Modelo de Emplazamiento Híbrido	Diagramas/ARQF-01_Modelo_emplazamiento_hibrido.png
planilla	01_presentacion_empresa	1 tablas	01_presentacion_empresa/tablas/presentacion_empresa.xlsx
planilla	02_problema_necesidad	5 tablas	02_problema_necesidad/tablas/problema_necesidad.xlsx
planilla	03_esquema_solucion_alcance	14 tablas	03_esquema_solucion_alcance/tablas/esquema_solucion_alcance.xlsx
planilla	05_arquitectura_fisica	32 tablas	05_arquitectura_fisica/tablas/arquitectura_fisica_ADR.xlsx
planilla	05_arquitectura_fisica	9 tablas	05_arquitectura_fisica/tablas/arquitectura_fisica_Arquitectura_Fisica.xlsx
planilla	05_arquitectura_fisica	15 tablas	05_arquitectura_fisica/tablas/arquitectura_fisica_BI_Analitica.xlsx
planilla	05_arquitectura_fisica	10 tablas	05_arquitectura_fisica/tablas/arquitectura_fisica_Despliegue.xlsx
planilla	05_arquitectura_fisica	17 tablas	05_arquitectura_fisica/tablas/arquitectura_fisica_Dimensionamiento.xlsx
planilla	05_arquitectura_fisica	12 tablas	05_arquitectura_fisica/tablas/arquitectura_fisica_Integracion.xlsx
planilla	05_arquitectura_fisica	20 tablas	05_arquitectura_fisica/tablas/arquitectura_fisica_Seguridad.xlsx
planilla	06_modelo_datos	11 tablas	06_modelo_datos/tablas/modelo_datos.xlsx
texto	01_presentacion_empresa	55 bloques	01_presentacion_empresa/texto/presentacion_empresa.md
texto	02_problema_necesidad	160 bloques	02_problema_necesidad/texto/problema_necesidad.md
texto	03_esquema_solucion_alcance	103 bloques	03_esquema_solucion_alcance/texto/esquema_solucion_alcance.md
texto	04_arquitectura_logica	189 bloques	04_arquitectura_logica/texto/arquitectura_logica.md
texto	05_arquitectura_fisica	754 bloques	05_arquitectura_fisica/texto/arquitectura_fisica.md
texto	06_modelo_datos	87 bloques	06_modelo_datos/texto/modelo_datos.md
texto	11_innovaciones	39 bloques	11_innovaciones/texto/innovaciones.md