ID,Título,Actor,Descripción,Precondición,Resultado esperado,Prioridad,Origen (RT)
RF-13.01,Declaración de arquitectura multicapa,Jefe de TI,"El PROPONENTE debe declarar la arquitectura lógica de la solución organizada en las 8 capas del modelo de referencia: Presentación, Borde y Exposición, Puerta de Enlace, Servicios de Negocio, Integración y Eventos, Datos, Seguridad Transversal y Observabilidad Transversal.","Se formula la arquitectura lógica de la solución para la oferta técnica. (Bases Técnicas Transversales, RT-02.01, RT-02.03.)","El diagrama de arquitectura identifica cada capa, sus componentes y las interfaces entre ellas, siguiendo ISO/IEC/IEEE 42010.",Muy Alta,"RT-02.01, RT-02.03"
RF-13.02,Tabla de emplazamiento nube/on-premise,Jefe de TI,"El PROPONENTE debe presentar una tabla de emplazamiento que asigne cada componente de la solución a nube o a on-premise, justificando cada decisión según el criterio de emplazamiento (latencia, criticidad, volumen de datos, acoplamiento físico, elasticidad, regulación).","Se determina el emplazamiento de los componentes de la solución entre nube y on-premise. (Bases Técnicas Transversales, Cap. 3.1, RT-03.01.)","La tabla de emplazamiento cubre el 100% de los componentes de la solución, con justificación documentada para cada uno.",Muy Alta,"Cap. 3.1, RT-03.01"
RF-13.03,Registro de decisiones de arquitectura (ADR),Jefe de TI,"El PROPONENTE debe mantener un registro de decisiones de arquitectura (ADR) fechado, con la alternativa escogida, las alternativas descartadas y el criterio de decisión, actualizado durante toda la ejecución.","Se toma una decisión de arquitectura durante la formulación o ejecución del proyecto. (Bases Técnicas Transversales, RT-02.04.)",El registro ADR es entregable contractual y se actualiza con cada decisión arquitectónica relevante.,Alta,RT-02.04
RF-13.04,Modelo de dominio de negocio,Jefe de TI,"El PROPONENTE debe presentar un modelo de dominio del negocio del caso, con las entidades principales, sus relaciones y los eventos de negocio que las modifican.","Se modelan las entidades, relaciones y eventos del negocio del caso. (Bases Técnicas Transversales, RT-02.13.)","El modelo de dominio es entregado como parte de la oferta técnica, con notación UML.",Muy Alta,RT-02.13
RF-14.01,Clasificación de información por nivel de sensibilidad,Jefe de TI,"El sistema debe permitir clasificar la información del CLIENTE por nivel de sensibilidad (pública, interna, confidencial, restringida), con controles diferenciados por nivel documentados en una matriz.","Se incorpora información del CLIENTE a la solución y se determinan sus niveles de sensibilidad. (Bases Técnicas Transversales, RT-11.03.)",La matriz de clasificación es entregada y aplicada a todos los datos de la solución.,Muy Alta,RT-11.03
RF-14.02,Matriz de controles de seguridad trazable a ISO 27001/27002,Jefe de TI,"El PROPONENTE debe mantener una matriz de controles de seguridad trazable a ISO/IEC 27001 e ISO/IEC 27002, indicando el control, su implementación concreta en la solución y la evidencia que lo acredita.","Se definen o actualizan los controles de seguridad de la solución. (Bases Técnicas Transversales, RT-11.05.)",La matriz es entregada y actualizada durante toda la ejecución.,Muy Alta,RT-11.05
RF-14.03,Declaración de superficie de exposición,Jefe de TI,"El PROPONENTE debe declarar la superficie de exposición completa de la solución: cada nombre de dominio, puerto y servicio alcanzable desde fuera de la red del CLIENTE.","Se define o modifica un dominio, puerto o servicio alcanzable desde fuera de la red del CLIENTE. (Bases Técnicas Transversales, RT-11.13.)",La declaración es entregada y mantenida actualizada.,Alta,RT-11.13
RF-14.04,Plan de respuesta a incidentes de seguridad,Jefe de TI,"El PROPONENTE debe disponer de un plan de respuesta a incidentes de seguridad que defina clasificación, cadena de escalamiento, plazos, responsables y protocolo de comunicación al CLIENTE dentro de las 2 horas de detectado un incidente de severidad crítica.","Se prepara la respuesta ante incidentes de seguridad de la solución. (Bases Técnicas Transversales, RT-11.18.)",El plan es entregado y aprobado por el CLIENTE.,Muy Alta,RT-11.18
RF-14.05,Notificación de brecha de seguridad al CLIENTE,Jefe de TI,"El sistema (o el equipo de seguridad del ADJUDICATARIO) debe notificar al CLIENTE cualquier brecha de seguridad o de datos personales dentro de las 24 horas de su detección, con informe preliminar, y entregar el análisis de causa raíz dentro de los 5 días hábiles siguientes.",Se detecta una brecha de seguridad o de datos personales.,El CLIENTE recibe la notificación dentro de las 24 horas y el informe de causa raíz dentro de los 5 días hábiles.,Muy Alta,RT-11.19
RF-15.01,Gestión centralizada de identidad,Jefe de TI,"El sistema debe contar con una gestión de identidad centralizada, con federación mediante OpenID Connect y OAuth 2.1, o SAML 2.0 cuando la integración con el CLIENTE lo requiera, e integración con el directorio corporativo del CLIENTE por LDAP o equivalente en la nube.",El CLIENTE proporciona acceso a su directorio corporativo.,La identidad de todas las personas usuarias internas es gestionada desde un único punto.,Muy Alta,RT-12.01
RF-15.02,Inicio de sesión único (SSO) para todos los módulos,Jefe de TI,"El sistema debe implementar inicio de sesión único para todos los módulos de la solución, con cierre de sesión propagado a todos ellos.",La gestión de identidad centralizada está implementada (RF-15.01).,El usuario se autentica una vez y accede a todos los módulos sin reautenticación.,Muy Alta,RT-12.02
RF-15.03,Autenticación multifactor (MFA) para administradores y acceso externo,Jefe de TI,"El sistema debe exigir autenticación multifactor para personas usuarias administradoras, para todo acceso privilegiado y para todo acceso originado fuera de la red corporativa, soportando factores FIDO2 o claves de acceso.",La gestión de identidad centralizada está implementada (RF-15.01).,El acceso a perfiles administradores o desde fuera de la red requiere segundo factor.,Muy Alta,RT-12.03
RF-15.04,Control de acceso basado en roles (RBAC) y segregación de funciones,Jefe de TI,"El sistema debe implementar control de acceso basado en roles, complementado con control basado en atributos donde el proceso lo exija, con matriz de segregación de funciones documentada y verificable.","Se definen los roles, permisos y funciones de acceso a la solución. (Bases Técnicas Transversales, RT-12.05.)",La matriz de roles y permisos es entregada y aprobada por el CLIENTE.,Muy Alta,RT-12.05
RF-15.05,Aprovisionamiento y desaprovisionamiento automatizado de cuentas,Jefe de TI,"El sistema debe automatizar el aprovisionamiento y desaprovisionamiento de cuentas, ligado al ciclo de vida laboral, con baja efectiva en un plazo no superior a 24 horas desde la desvinculación.",La gestión de identidad centralizada está implementada (RF-15.01).,Las cuentas son creadas/eliminadas automáticamente según el estado laboral del usuario.,Alta,RT-12.10
RF-16.01,Observabilidad unificada para nube y on-premise,Jefe de TI,"El sistema debe implementar observabilidad unificada para nube y on-premise, con métricas, registros y trazas distribuidas correlacionadas por un identificador único de transacción, instrumentadas conforme a OpenTelemetry.","Se instrumentan componentes de nube y on-premise para registrar métricas, logs y trazas de sus transacciones. (Bases Técnicas Transversales, RT-14.01.)","El equipo de operaciones del CLIENTE puede consultar métricas, logs y trazas desde una única interfaz.",Muy Alta,RT-14.01
RF-16.02,Acceso del CLIENTE a tableros operacionales y de negocio,Jefe de TI / Gerente de Operaciones / Gerente Comercial / Gerente de Finanzas,"El CLIENTE debe disponer de acceso propio y permanente a los tableros operacionales y de negocio, con datos en tiempo real y capacidad de exportación.",La observabilidad unificada está implementada (RF-16.01).,El CLIENTE visualiza los tableros en tiempo real y exporta datos.,Muy Alta,RT-14.02
RF-16.03,Alertamiento basado en síntomas de negocio,Jefe de TI,"El sistema debe implementar alertamiento basado en síntomas de negocio y no sólo en umbrales de infraestructura, con supresión de ruido, agrupación, escalamiento automático y turnos de disponibilidad declarados.",La observabilidad unificada está implementada (RF-16.01).,"Las alertas se generan por síntomas de negocio (ej. OTIF bajo, pedidos no preparados), no solo por CPU alta.",Alta,RT-14.04
RF-16.04,Análisis de causa raíz obligatorio tras incidente crítico,Jefe de TI,"El sistema (o el equipo del ADJUDICATARIO) debe ejecutar un análisis de causa raíz obligatorio tras cada incidente crítico, con informe entregable dentro de cinco días hábiles y seguimiento de las acciones correctivas hasta su cierre.",Ocurre un incidente crítico.,El informe de causa raíz es entregado al CLIENTE dentro de los 5 días hábiles.,Alta,RT-14.06
RF-17.01,"Módulo de administración de usuarios, roles y permisos",Jefe de TI,"El sistema debe disponer de un módulo de administración que permita al CLIENTE, sin intervención del ADJUDICATARIO, gestionar personas usuarias, roles, permisos, unidades organizacionales y sus jerarquías.","El CLIENTE requiere gestionar personas usuarias, roles, permisos o unidades organizacionales de la solución. (Bases Técnicas Transversales, RT-16.01.)","El administrador del CLIENTE crea, modifica o elimina usuarios/roles desde la interfaz sin desarrollo.",Muy Alta,RT-16.01
RF-17.02,Parametrización de reglas de negocio desde interfaz de administración,Jefe de TI,"El sistema debe permitir parametrizar reglas de negocio (umbrales, plazos, montos, tolerancias, catálogos, listas de valores, textos de notificación) desde la interfaz de administración, con control de versiones y registro de quién cambió qué y cuándo.","Se define o modifica una regla de negocio parametrizable de la solución. (Bases Técnicas Transversales, RT-16.02.)","El administrador del CLIENTE modifica parámetros de negocio sin desarrollo, con auditoría de cambios.",Muy Alta,RT-16.02
RF-17.03,Aprobación de dos perfiles para cambios de parámetros con impacto operacional,Jefe de TI,"El sistema debe requerir aprobación de un segundo perfil para todo cambio de parámetro con impacto operacional, quedando registrado con su justificación.",Un cambio de parámetro es solicitado por un administrador.,El cambio se aplica solo después de la aprobación de un segundo perfil autorizado.,Alta,RT-16.03
RF-17.04,Registro de auditoría inalterable,Jefe de TI,"El sistema debe registrar toda operación que cree, modifique o elimine información, con identificación de la persona o sistema que la ejecutó, fecha/hora con zona horaria, origen, valores anteriores y posteriores. El registro de auditoría debe ser inalterable y no modificable por ningún perfil.","Una persona o sistema ejecuta una operación de creación, modificación o eliminación de información. (Bases Técnicas Transversales, RT-16.06, RT-16.07.)",La auditoría es consultable desde la interfaz y no puede ser alterada ni eliminada.,Muy Alta,"RT-16.06, RT-16.07"
RF-17.05,Consulta y exportación de auditoría desde la interfaz,Jefe de TI,"El CLIENTE debe poder consultar y exportar la auditoría desde la interfaz, con filtros por persona, período, entidad y tipo de operación, sin requerir acceso a la base de datos.",El registro de auditoría inalterable está implementado (RF-17.04).,El auditor consulta y exporta la auditoría con los filtros deseados.,Muy Alta,RT-16.08
RF-17.06,Soporte de flujos de trabajo configurables,Jefe de TI,"El sistema debe soportar flujos de trabajo con estados, transiciones, responsables, plazos, escalamiento automático por vencimiento y delegación por ausencia, configurables por el CLIENTE sin desarrollo (al menos en responsables, plazos y niveles de aprobación).","Se configura un flujo de trabajo con estados, responsables, plazos o niveles de aprobación. (Bases Técnicas Transversales, RT-16.11, RT-16.12.)","El administrador del CLIENTE configura flujos de trabajo (ej. aprobación de pedidos, gestión de devoluciones) sin desarrollo.",Alta,"RT-16.11, RT-16.12"
RF-17.07,Bandeja de tareas unificada,Jefe de TI / Gerente Comercial / Gerente de Operaciones / Gerente de Finanzas / Jefa de Calidad / Jefa de Bodega / Planificador de Rutas / Preventistas  / Preparadores,"El sistema debe proveer una bandeja de tareas unificada para cada persona usuaria, donde se visualicen todas sus tareas pendientes (aprobaciones, revisiones, excepciones) con priorización y alerta de vencimiento.",El usuario tiene al menos una tarea pendiente asignada.,El usuario visualiza y gestiona todas sus tareas desde una única bandeja.,Alta,RT-16.13
RF-17.08,Gestión documental con versionado y control de acceso,Jefe de TI,"El sistema debe gestionar documentos con versionado, metadatos, control de acceso, búsqueda por contenido y por metadato, y previsualización sin descarga. Los documentos deben almacenarse cifrados con verificación de integridad.","Se incorpora un documento a la solución para su gestión y consulta según permisos. (Bases Técnicas Transversales, RT-16.15, RT-16.16.)","Los documentos son almacenados, versionados y accesibles según permisos del usuario.",Alta,"RT-16.15, RT-16.16"
RF-17.09,Generación de documentos a partir de plantillas,Jefe de TI,"El sistema debe generar documentos a partir de plantillas administrables por el CLIENTE, con datos de la transacción y salida en formato abierto PDF, DOCX, EXCELL.",La plantilla está creada y disponible en el sistema.,El usuario genera el documento con los datos de la transacción.,Media,RT-16.19
RF-17.10,"Notificaciones multicanal (correo, SMS, notificación en app)",Jefe de TI,"El sistema debe enviar notificaciones por al menos tres canales: correo electrónico, notificación en la aplicación y SMS o mensajería instantánea, con plantillas administrables por el CLIENTE.",El usuario tiene configurado al menos un canal de notificación.,El usuario recibe la notificación por el canal configurado.,Alta,"RT-16.20, RT-16.21"
RF-17.11,Búsqueda global con indexación de texto completo,Jefe de TI / Gerente Comercial / Gerente de Operaciones / Gerente de Finanzas / Jefa de Calidad / Jefa de Bodega / Planificador de Rutas / Preventistas / Preparadores ,"El sistema debe disponer de búsqueda global con indexación de texto completo con tolerancia a errores de escritura, filtros facetados y respeto del control de acceso de la persona que busca.",El usuario tiene permisos para acceder a la información.,El usuario encuentra información relevante mediante una búsqueda que no sobrepase más de 2 segundos en la respuesta y ademas de poder estar filtrada.,Alta,RT-16.27
RF-17.12,"Listados ordenables, filtrables, paginados y exportables",Jefe de TI / Gerente Comercial / Gerente de Operaciones / Gerente de Finanzas / Jefa de Calidad / Jefa de Bodega / Planificador de Rutas / Preventistas  / Preparadores,"El sistema debe presentar listados ordenables, filtrables, paginados y exportables en formatos abiertos, con el filtro aplicado reflejado en la exportación.",Existe al menos un listado visible para el usuario.,"El usuario ordena, filtra y exporta los datos del listado.",Alta,RT-16.28
RF-17.13,Portal público con catálogo y contacto (sin autenticación),Canal Tradicional / Food Service / Canal Moderno ,"El sistema debe disponer de un portal público con la información que el caso determine (catálogo sin precios/stock, contacto, información institucional), accesible sin autenticación, con estándares de accesibilidad y desempeño.","Un visitante consulta la información pública del portal sin autenticación. (Bases Técnicas Transversales, RT-16.31.)",Cualquier visitante accede al portal público y visualiza la información.,Media,RT-16.31
RF-18.01,Soporte de firma electrónica avanzada (Ley 19.799),Jefe de TI / Gerente de Finanzas,"El sistema debe soportar firma electrónica conforme a la Ley N° 19.799, con firma avanzada para los actos que el caso lo requiera (guía de despacho electrónica, acuse de recibo, contratos), y verificación de validez del certificado al momento de la firma, generando sello de tiempo y conservando la evidencia de firma.",El documento a firmar está disponible y el certificado del firmante es válido.,"El documento queda firmado electrónicamente con validez legal, y la evidencia de firma es conservada.",Muy Alta,"RT-16.17, RT-16.18"
RF-18.02,Configuración de preferencias de notificación por usuario,Jefe de TI / Gerente Comercial / Gerente de Operaciones / Gerente de Finanzas / Jefa de Calidad / Jefa de Bodega / Planificador de Rutas / Preventistas (62 personas) / Preparadores (120 personas) / Tripulación propia y peoneta (84 personas) / Conductores externos (aprox. 160 personas) / Canal Tradicional (11.600 clientes) / Food Service (2.100 clientes) / Canal Moderno (500 puntos) / Empresas Transp. (10 empresas) / Proveedores (180 empresas),"Cada persona usuaria debe poder configurar sus preferencias de canal (correo, SMS, notificación en app) y de frecuencia para las notificaciones, respetando las que el CLIENTE defina como obligatorias.",El usuario tiene una cuenta activa.,El usuario recibe notificaciones por el canal y frecuencia configurados.,Media,RT-16.22
RF-18.03,Envío asíncrono de notificaciones con reintento y registro,Jefe de TI,"El sistema debe enviar notificaciones de forma asíncrona, con reintento ante falla, control de duplicados y registro de entrega, apertura y error por cada mensaje.",Una notificación es generada por el sistema.,"La notificación es enviada y registrada, si falla, se reintenta según política configurada.",Alta,RT-16.23