Epica,ID,Titulo,Descripcion,Precondicion,Resultado esperado,Prioridad,Origen
ÉPICA 12 — CANAL MODERNO (EDI) Y PORTAL DE AUTOATENCIÓN,RNF-12.01,Hito de producción del canal moderno,El portal de autoatención de clientes (RF-12.15 a RF-12.18) y la recepción EDI (RF-12.01 a RF-12.09) deben estar en producción antes de enero de 2029.,"Se planifica la puesta en producción de las capacidades del canal moderno para atender las condiciones comerciales que entran en vigor en enero de 2029 (Caso_Logistica, Cap. 13.2).",La recepción de pedidos electrónicos y el portal de autoatención están en producción antes de enero de 2029.,Muy Alta,"Caso_Logistica, Cap. 13.2, hito de enero de 2029; Cap. 9.9; Cap. 15, RT-16.30. El hito explicita pedido electrónico, aviso de despacho, ventana de 30 minutos y prueba de entrega digital; no fija por separado una fecha para el portal."
ÉPICA 12 — CANAL MODERNO (EDI) Y PORTAL DE AUTOATENCIÓN,RNF-12.02,Configurabilidad de integración EDI para nuevas cadenas,El mecanismo de recepción EDI debe permitir configurar el mapeo de mensajería de una nueva cadena sin desarrollo de software a medida.,Existe al menos una integración EDI ya operativa.,La mensajería electrónica permite recibir pedidos de una nueva cadena en el formato que esta exige.,Alta,"Caso_Logistica, Cap. 9.9; Cap. 15, RT-05.23 (formato exigido por cada cadena). No exige configuración sin desarrollo a medida."
ÉPICA 3 — PREVENTA,RNF-03-01,Tiempo de respuesta de registro de línea de pedido,"El tiempo para registrar una línea de pedido no debe superar 1,5 segundos, con o sin señal parcial.",El preventista registra una línea de pedido en la aplicación móvil.,El preventista arma pedidos de 20+ líneas sin lentitud perceptible.,Muy Alta,"Caso_Logistica, Cap. 15, RT-09.01 (línea de preventa: no superior a 1,5 segundos); Cap. 10, restricción 3."
ÉPICA 3 — PREVENTA,RNF-03-02,Tiempo de respuesta de consulta de stock y crédito con conectividad,El tiempo para consultar stock y crédito con conectividad no debe superar 2 segundos.,El preventista consulta stock y crédito de un cliente con conectividad.,La consulta con red es casi instantánea.,Muy Alta,"Caso_Logistica, Cap. 15, RT-09.01 (consulta de stock y crédito: no superior a 2 segundos)."
ÉPICA 3 — PREVENTA,RNF-03-03,Tiempo de respuesta de consulta de historial de compra,El tiempo para consultar el historial de compra con conectividad no debe superar 2 segundos.,El preventista consulta el historial de compra de un cliente con conectividad.,La consulta de historial es casi instantánea.,Muy Alta,"Caso_Logistica, Cap. 4.3; Cap. 9.2 (consulta de historial). No fija un umbral de 2 segundos para el historial."
Épica 1 - Abastecimiento y Recepción,RNF-01.01,Tiempo de respuesta de registro de ítem en recepción,"El tiempo de procesamiento para el registro de cada ítem en recepción, desde la confirmación del escaneo hasta la respuesta en pantalla, no debe superar los 2 segundos.",Se confirma el escaneo de un ítem de recepción en el dispositivo.,"2<= seg en prueba de 100 escaneos consecutivos, tanto en modo conectado como offline.",Alta,"Caso_Logistica, Cap. 4.1; Cap. 15, RT-17.01 (recepción móvil desconectada). No fija 2 segundos por ítem de recepción ni 100 escaneos de prueba."
Épica 1 - Abastecimiento y Recepción,RNF-01.02,Retención de registros de recepción,El sistema debe conservar los registros de recepción según el plazo por tipo de dato: trazabilidad sanitaria y no conformidades por mínimo 5 años; documentos de referencia tributaria por mínimo 6 años.,"Se generan registros de recepción con información sanitaria, de trazabilidad o respaldo tributario sujetos a conservación (Caso_Logistica, Cap. 4.1 y Cap. 15, RT-05.10).",Cualquier recepción de los últimos 6 años es recuperable en ≤ 30 seg sin impactar el rendimiento de las transacciones activas.,Muy Alta,"Caso_Logistica, Cap. 15, RT-05.10 (retención sanitaria y tributaria). No fija recuperación en 30 segundos."
Épica 1 - Abastecimiento y Recepción,RNF-01.03,Operación offline de recepción (24 horas),El sistema debe operar en modo desconectado durante mínimo 24 horas continuas sin pérdida de datos y sincronizar todas las transacciones pendientes con el ERP en ≤ 2 horas tras restablecer la conectividad.,Se produce un corte de conectividad durante la operación de recepción.,Conciliación post-sincronización sin diferencias entre el registro local y el ERP; cada transacción encolada queda en log de auditoría.,Muy Alta,"Caso_Logistica, Cap. 10, restricción 2; Cap. 15, RT-03.10 y RT-03.13 (24 horas del CD y sincronización en 2 horas)."
Épica 2 - Gestión de Almacén e Inventario,RNF-02.01,Operación offline del CD (24 horas),"El sistema de gestión de almacén (inventario, movimientos, conteos, consultas de stock) debe operar en modo desconectado durante un mínimo de 24 horas continuas sin pérdida de datos. Al restablecer la conectividad, las transacciones pendientes deben sincronizarse con el sistema central en ≤ 2 horas, con resolución determinista de conflictos de stock (ej. si dos operarios movieron el mismo pallet).",El CD opera con conectividad normal y se produce un corte de enlace.,"(a) Todas las operaciones de almacén (movimientos, conteos, consultas de stock local, ajustes) se ejecutan sin interrupción durante las 24 horas de desconexión. (b) Al reconectar, la sincronización completa se ejecuta en ≤ 2 horas. (c) Los conflictos de stock se resuelven automáticamente según regla determinista (ej. última escritura gana + log de reconciliación). (d) La conciliación post-sincronización no muestra diferencias entre el registro local y el sistema central.",Muy Alta,"Caso_Logistica, R2 (Cap. 10), RT-03.10, RT-03.13"
Épica 5 - Preparación de Pedidos (Picking) y Carga,RNF-05.01,Latencia de confirmación de picking (≤ 1s),"La confirmación de una línea de picking (escaneo + validación + almacenamiento local) no debe superar 1 segundo de tiempo de respuesta en el dispositivo del preparador, tanto en modo online como en modo offline, incluyendo la operación dentro de la cámara de congelado (−22 °C).",El preparador está ejecutando una misión de picking.,"(a) En prueba de 100 confirmaciones consecutivas, el 99% se completa en ≤ 1 segundo, tanto en modo online como offline. (b) El tiempo de respuesta se mide desde la confirmación del escaneo hasta la visualización de la siguiente línea. (c) El rendimiento se mantiene dentro de los 30 minutos de operación en cámara de congelado (−22 °C).",Muy Alta,"Caso_Logistica, RT-09.01"
Épica 5 - Preparación de Pedidos (Picking) y Carga,RNF-05.02,Operabilidad con guantes a −22 °C,"La interfaz de picking debe ser operable sin precisión de toque fino, con elementos interactivos de al menos 15×15 mm y sin requerir gestos complejos (deslizar, pellizcar, doble toque). El dispositivo debe mantener funcionalidad operativa durante al menos 30 minutos continuos en cámara de congelado a −22 °C.",El preparador opera en la cámara de congelado con guantes térmicos.,"(a) Todos los botones y elementos interactivos de la interfaz de picking tienen una superficie mínima de 15×15 mm. (b) La interfaz no requiere gestos de más de un toque (tap). (c) El dispositivo permite la operación con guantes térmicos de categoría industrial (grosor ≥ 3 mm). (d) El dispositivo mantiene funcionalidad (pantalla, escaneo, almacenamiento) durante 30 minutos continuos a −22 °C.",Muy Alta,"Caso_Logistica, RT-13.08, RT-12.11, R7, B.4"
Épica 5 - Preparación de Pedidos (Picking) y Carga,RNF-05.03,Curva de aprendizaje (≤ 2 horas),"Un nuevo operario de preparación, sin experiencia previa con el sistema, debe completar una misión de picking de al menos 20 líneas con una tasa de error ≤ 5% tras un máximo de 2 horas de entrenamiento asistido en el puesto de trabajo. La capacitación no debe requerir materiales impresos de más de 2 páginas ni sesiones fuera del recinto de bodega.",Nuevo operario ingresa al turno de preparación.,"(a) Tras 2 horas de entrenamiento, el operario completa una misión de ≥ 20 líneas con ≤ 1 error (5%). (b) El entrenamiento se realiza íntegramente en el puesto de trabajo (no en sala de capacitación). (c) La guía de referencia rápida no excede 2 páginas con instrucciones visuales. (d) Se mide en prueba con 3 operarios nuevos; al menos 2 de 3 deben cumplir el criterio.",Muy Alta,"Caso_Logistica, Cap. 4.2, Cap. 8 (Ximena), R11"
"Épica 8 - Logística Inversa (Devoluciones, Mermas y Envases Retornables)",RNF-08.01,Tiempo de registro de devoluciones en el andén,El registro de una devolución en el andén del CD (escaneo + selección de destino) no debe superar 30 segundos por ítem.,Se registra una devolución en el andén del CD.,Un lote de 50 devoluciones es procesado en ≤ 25 minutos.,Alta,"Caso_Logistica, Cap. 4.8 (recepción y destino de devoluciones). No fija 30 segundos por ítem ni procesamiento de 50 devoluciones en 25 minutos."
"Épica 8 - Logística Inversa (Devoluciones, Mermas y Envases Retornables)",RNF-08.02,Retención de registros de devoluciones y mermas,Los registros de devoluciones y mermas deben conservarse según el plazo por tipo de dato: trazabilidad sanitaria por mínimo 5 años; documentos con efectos tributarios (notas de crédito asociadas) por mínimo 6 años.,"Se registran devoluciones o mermas y, cuando corresponde, documentos tributarios asociados (Caso_Logistica, Cap. 4.8, Cap. 12 y Cap. 15, RT-05.10).",Cualquier registro de devolución de los últimos 6 años es recuperable con trazabilidad completa en ≤ 30 seg.,Alta,"Caso_Logistica, Cap. 12, documentos tributarios electrónicos y derechos del comprador; Cap. 15, RT-05.10 (retención). No fija recuperación en 30 segundos."
Épica 9 - Trazabilidad y Cadena de Frío,RNF-09.01,Tiempo de obtención de clientes afectados por lote,El sistema tiene un tiempo de respuesta para generar el listado de clientes afectados por un lote (RF-09.02) que no debe superar las 2 horas (incluyendo la generación del archivo exportable).,Existe un lote con trazabilidad registrada y clientes asociados.,"En las pruebas de carga con volumen de septiembre, la consulta de trazabilidad no excede las 2 horas.",Muy Alta,"Caso_Logistica, Cap. 9.5; Cap. 18, criterio 1 (menos de dos horas con evidencia)."
Épica 9 - Trazabilidad y Cadena de Frío,RNF-09.02,Retención de registros sanitarios y de trazabilidad,"El sistema debe conservar los registros sanitarios y de trazabilidad de lote durante el período mínimo legal: 'vida útil del producto + 6 meses', con un piso mínimo de 5 años.","Se generan registros sanitarios y de trazabilidad de lote durante la operación (Caso_Logistica, Cap. 4.9 y Cap. 15, RT-05.10).",Se puede auditar un lote despachado hace 4 años y 11 meses.,Muy Alta,"Caso_Logistica, Cap. 15, RT-05.10 (vida útil más 6 meses, mínimo 5 años)."
Épica 9 - Trazabilidad y Cadena de Frío,RNF-09.03,Auditoría de consultas y modificaciones de trazabilidad,"El sistema debe registrar todas las consultas a datos de trazabilidad (lotes, clientes afectados) y modificaciones al maestro de lotes en un log de auditoría, con identificación del usuario y fecha/hora.","Se consultan datos de trazabilidad o se modifica información de lotes; el tratamiento de información sensible requiere registro de consultas y modificaciones (Caso_Logistica, Cap. 9.5 y Cap. 15, RT-16.09).",El sistema cumple con el registro de consultas exigido por la Ley N°21.719 para información sensible de clientes.,Muy Alta,"Caso_Logistica, Cap. 12, protección de datos personales; Cap. 15, RT-16.09 (consultas sensibles y modificaciones). El caso no exige expresamente auditar toda consulta de lotes."
Épica 9 - Trazabilidad y Cadena de Frío,RNF-09.04,Operación sin cobertura y sincronización en cámara de frío,El sistema debe funcionar Sin cobertura de señal y sincronizando al recuperar conectividad dentro de la cámara de frío,Se produce un corte de señal dentro de la cámara de frío.,"ante un corte de señal simulado de 14 horas dentro de la cámara de congelado, el sistema no pierde ninguna lectura y sincroniza el 100% del historial en menos de 10 minutos al reconectar.",Muy Alta,"Caso_Logistica, Cap. 6; Cap. 10, restricción 7; Cap. 15, RT-13.08 (operación sin señal en congelado). Los valores de 14 horas y 10 minutos de RT-03.10 y RT-03.13 corresponden al reparto, no a lecturas de temperatura en cámara."
Épica 7 - Cobranza y Gestión de Efectivo,RNF-07.01,Tiempo de sincronización de cobranzas tras reconexión,"El sistema debe sincronizar la información de preconciliación de cobranzas capturada en la aplicación móvil en un tiempo no superior a 10 minutos tras conectar a red, permitiendo la liquidación de la flota el mismo día.",La flota de cobranza ingresa a una zona con conectividad.,Datos de cobranza de rutas desconectadas consolidados en el servidor en menos de10 minutos tras ingresar a base (RT-03.13).,Muy Alta,"Caso_Logistica, Cap. 9.7; Cap. 15, RT-03.13; Cap. 18, criterio 10."
Épica 7 - Cobranza y Gestión de Efectivo,RNF-07.02,Cifrado de datos de pagos y comportamiento comercial,"El sistema debe cifrar a nivel de campo (AES-256 en reposo, TLS 1.3 en tránsito) los datos de pagos en efectivo, transacciones con tarjeta POS y comportamiento comercial de clientes (Ley N° 21.719).","Se registran datos de pagos en efectivo, tarjetas POS y comportamiento comercial de clientes.",Inspección de base de datos y tráfico de red que constata datos financieros ilegibles sin credenciales autorizadas.,Muy Alta,"Caso_Logistica, Cap. 12, protección de datos personales; Cap. 15, RT-11.10 (cifrado a nivel de campo). El caso no fija AES-256 ni TLS 1.3."
Épica 4 - Planificación de Rutas,RNF-04.01,Tiempo de generación de rutas diarias,El motor de ruteo debe procesar la asignación y secuencia completa de la matriz diaria de entregas en un tiempo acotado.,Existe una matriz diaria de entregas cargada en el sistema.,La ruta a seguir y la asignación de camiones debe generarse en menos de 20 minutos.,Media,"Caso_Logistica, Cap. 9.3; Cap. 18, criterio 7 (menos de 20 minutos)."
"Épica 6 - Transporte, Entrega y Prueba de Entrega (POD)",RNF-06.01,Autonomía de reparto sin cobertura,El sistema debe persistir el 100% de los datos necesarios en el almacenamiento cifrado local para ejecutar la ruta sin cobertura.,El sistema inicia una ruta de reparto.,El sistema dura un mínimo de 14 horas sin pérdidas transaccionales.,Media,"Caso_Logistica, Cap. 6; Cap. 10, restricción 3; Cap. 15, RT-03.10 (turno de 14 horas sin cobertura). El caso no explicita el cifrado del almacenamiento local."
Épica 11 - Costo de Servir e Indicadores de Gestión (Analítica/BI),RNF-11.01,Latencia de indicadores operacionales del día,El sistema debe desplegar los indicadores operacionales del día con una latencia no superior a 5 minutos desde su recepción en el backend central para terminales con cobertura móvil activa.,El backend central recibe los datos operacionales del día.,Timestamp de despliegue en dashboard menos timestamp de recepción en servidor en 300 segundos.,Muy Alta,"Caso_Logistica, Cap. 15, RT-05.29 (máximo 5 minutos). El caso mide desde la ocurrencia de la transacción; no desde su recepción en el backend."
Épica 11 - Costo de Servir e Indicadores de Gestión (Analítica/BI),RNF-11.02,Aislamiento del procesamiento analítico y transaccional,"El sistema debe desacoplar el procesamiento analítico y de reportería (OLAP/BI) del motor transaccional operativo (OLTP), garantizando que las consultas analíticas pesadas no degraden los tiempos de respuesta de transacciones críticas (picking $\le$ 1s, preventa $\le$ 1,5s).","Se procesan consultas e indicadores analíticos mientras la bodega y la preventa ejecutan transacciones operacionales (Caso_Logistica, Cap. 9.8 y Cap. 15, RT-05.29 y RT-09.01).",Pruebas de estrés que comprueban cero degradación en tiempos de respuesta de bodega y preventa durante la emisión masiva de reportes.,Alta,"Caso_Logistica, Cap. 15, RT-09.01 (umbrales de picking y preventa). La separación OLAP/OLTP no está explicitada en el caso; está exigida en Bases_Tecnicas_Transversales.md, RT-05.05."