ID,Título,Descripción,Precondición,Resultado esperado,Prioridad,Origen (RT)
RNF-13.01,Disponibilidad del sitio on-premise durante corte de enlace (24h),"El componente on-premise debe operar de forma autónoma y degradada ante la pérdida total del enlace con la nube, durante un período mínimo de 24 horas continuas, continuando registrando las transacciones operacionales críticas de forma local, con integridad garantizada y sin pérdida de datos.",El enlace con la nube se corta.,"La recepción, preparación y despacho operan sin interrupción durante 24h, al reconectar, la sincronización es automática y determinista.",Muy Alta,"RT-03.10, RT-03.11, RT-03.12, RT-03.13"
RNF-13.02,Declaración de funciones no disponibles en modo desconectado,El PROPONENTE debe declarar qué funciones NO estarán disponibles en modo desconectado y qué procedimiento manual las suple.,Se define la operación en modo desconectado.,La declaración es entregada y aprobada por el CLIENTE.,Muy Alta,RT-03.13
RNF-13.03,Redundancia de equipos on-premise críticos,Los equipos on-premise críticos deben ser redundantes.,"La solución contempla equipos on-premise críticos (Bases Técnicas Transversales, RT-03.14; Bases Administrativas, Art. 16.4).",Los equipos on-premise críticos son redundantes.,Muy Alta,RT-03.14
RNF-13.04,Tolerancia del almacenamiento local a la falla de un disco,El almacenamiento local debe tolerar la falla de al menos un disco,Falla de un disco del almacenamiento local.,El almacenamiento local tolera la falla de al menos un disco.,Muy Alta,RT-03.14
RNF-13.05,Declaración y justificación del nivel RAID,el PROPONENTE debe declarar el nivel RAID escogido y justificarlo frente a las alternativas.,"Se define el esquema de almacenamiento local del componente on-premise (Bases Técnicas Transversales, RT-03.14; Bases Administrativas, Art. 16.4).",El nivel RAID escogido queda declarado y justificado frente a las alternativas.,Muy Alta,RT-03.14
RNF-13.06,Endurecimiento de sistemas on-premise según CIS Benchmarks,"Los sistemas on-premise deben endurecerse conforme a los CIS Benchmarks aplicables, con gestión centralizada de parches y ventana de aplicación acordada con el CLIENTE.","Se configuran, administran o actualizan los sistemas on-premise de la solución. (Bases Técnicas Transversales, RT-03.15.)","La solución cumple con los CIS Benchmarks aplicables, los parches se aplican en las ventanas acordadas.",Alta,RT-03.15
RNF-13.07,Enlace redundante entre on-premise y nube,"El enlace entre el sitio on-premise y la nube debe ser redundante, con caminos físicos y proveedores distintos, y conmutación automática con tiempo de conmutación declarado (≤ 5 min).","Se establece la comunicación entre el sitio on-premise y la nube. (Bases Técnicas Transversales, RT-03.17.)",La solución conmuta automáticamente al enlace secundario en caso de falla del primario.,Muy Alta,RT-03.17
RNF-13.08,Dimensionamiento de ancho de banda por sitio,"El PROPONENTE debe dimensionar el ancho de banda requerido por sitio, en régimen normal y en peak, y justificarlo con el cálculo de volumen de transacciones y de datos.","Se dimensiona la conectividad de cada sitio para el volumen de transacciones y datos normal y de peak. (Bases Técnicas Transversales, RT-03.20.)",El dimensionamiento de ancho de banda es entregado y justificado en la oferta.,Alta,RT-03.20
RNF-13.09,Estudio de cobertura de red inalámbrica en sitios operacionales (incluye cámaras de frío),"El PROPONENTE debe realizar un estudio de cobertura de red inalámbrica en los centros de distribución, que incluya expresamente el interior de las cámaras de refrigerado y de congelado, hoy sin señal, y proponer la solución técnica para resolverlo.","Se diseña la red inalámbrica de los sitios operacionales que requieren cobertura. (Bases Técnicas Transversales, RT-03.23 (Según caso).)",El estudio de cobertura es entregado y la solución propuesta garantiza cobertura en cámaras de frío.,Muy Alta,RT-03.23
RNF-14.01,Cifrado en tránsito con TLS 1.3,"Todo el tráfico en tránsito debe emplear TLS 1.3, con prohibición expresa de TLS 1.0 y 1.1, conjuntos de cifrado modernos, HSTS con precarga y gestión automatizada de certificados con rotación y alerta anticipada de vencimiento.","Se transmite información entre componentes o personas usuarias de la solución. (Bases Técnicas Transversales, RT-11.08.)",La comunicación entre todos los componentes y con el exterior está cifrada con TLS 1.3.,Muy Alta,RT-11.08
RNF-14.02,Cifrado en reposo de todos los datos,"La totalidad de los datos en reposo debe estar cifrada, con claves gestionadas en un servicio de gestión de claves o en un módulo de seguridad de hardware, política de rotación declarada y separación de funciones en la custodia de claves.","Se almacenan datos de la solución en medios persistentes. (Bases Técnicas Transversales, RT-11.09.)","Todos los datos almacenados (bases de datos, archivos, backups) están cifrados en reposo.",Muy Alta,RT-11.09
RNF-14.03,Segregación de red en la nube (subredes privadas),"En la nube, la red debe segmentarse por capas, con subredes privadas para aplicación y datos, y exposición pública restringida a la capa de borde. Ningún componente de datos debe ser alcanzable desde Internet.","Se despliegan componentes de aplicación, datos o borde en la red de la nube. (Bases Técnicas Transversales, RT-03.04.)",La inspección de red muestra que los componentes de datos no tienen IP pública ni acceso desde Internet.,Muy Alta,RT-03.04
RNF-14.04,SIEM con casos de uso de detección específicos del negocio,"Los eventos de seguridad deben registrarse de forma centralizada e inalterable, y correlacionarse en una plataforma SIEM con casos de uso de detección definidos específicamente para el proceso de negocio del caso (ej. intentos de acceso a trazabilidad de lote, modificaciones de inventario no autorizadas).","Los componentes de la solución generan eventos de seguridad para su registro y correlación. (Bases Técnicas Transversales, RT-11.14, RT-11.15.)",La plataforma SIEM detecta y alerta sobre eventos de seguridad específicos del negocio logístico.,Alta,"RT-11.14, RT-11.15"
RNF-14.05,Detección y respuesta en puntos finales (EDR),"Se debe implementar detección y respuesta en puntos finales (EDR) y en cargas de trabajo, tanto en nube como on-premise, con cobertura 24×7.","Se incorporan puntos finales o cargas de trabajo a la solución, en nube u on-premise. (Bases Técnicas Transversales, RT-11.16.)",Todos los endpoints y cargas de trabajo cuentan con protección EDR gestionada.,Alta,RT-11.16
RNF-14.06,Pruebas de intrusión anuales por tercero independiente,"Se deben ejecutar pruebas de intrusión (pentesting) por un tercero independiente del ADJUDICATARIO, anualmente y antes de cada paso a producción, con entrega íntegra del informe al CLIENTE y plan de remediación con plazos.","Se prepara un paso a producción o corresponde la prueba anual de intrusión de la solución. (Bases Técnicas Transversales, RT-11.20.)",El informe de pentesting es entregado al CLIENTE y las vulnerabilidades críticas son remediadas en los plazos acordados.,Muy Alta,RT-11.20
RNF-14.07,"Análisis estático de código, SCA y escaneo de contenedores en CI/CD","El flujo de integración continua debe incorporar análisis estático de código (SAST), análisis de composición de software (SCA), análisis dinámico (DAST) y escaneo de imágenes de contenedor, con criterios de bloqueo automático del despliegue ante hallazgos críticos.","El código y los artefactos de la solución se procesan en el flujo de integración continua. (Bases Técnicas Transversales, RT-11.22.)",El pipeline de CI/CD bloquea el despliegue si se detectan vulnerabilidades críticas.,Muy Alta,RT-11.22
RNF-14.08,Inventario de componentes de software (SBOM) en formato CycloneDX/SPDX,"Cada versión liberada debe acompañarse de su inventario de componentes de software en formato CycloneDX o SPDX, entregado al CLIENTE.","Se libera una versión de software de la solución. (Bases Técnicas Transversales, RT-11.23.)",El SBOM es entregado al CLIENTE con cada versión.,Alta,RT-11.23
RNF-14.09,Verificación de procedencia de artefactos según SLSA nivel 3,Los artefactos deben firmarse y su procedencia debe verificarse conforme a SLSA nivel 3 o superior.,"Se generan o distribuyen artefactos de software de la solución. (Bases Técnicas Transversales, RT-11.24.)",La procedencia de cada artefacto es verificable.,Alta,RT-11.24
RNF-14.10,Prohibición de datos productivos en ambientes no productivos,Queda prohibido el uso de datos productivos reales en ambientes no productivos sin anonimización o seudonimización verificable.,"Se utilizan datos en ambientes no productivos de la solución. (Bases Técnicas Transversales, RT-11.25.)",Los datos en ambientes no productivos son sintéticos o anonimizados.,Muy Alta,RT-11.25
RNF-15.01,"Política de sesión: duración, inactividad, renovación, revocación","El sistema debe implementar política de sesión con duración máxima, caducidad por inactividad, renovación de la credencial de sesión tras la autenticación, revocación inmediata y control de sesiones concurrentes.","Una persona usuaria se autentica o mantiene una sesión en la solución. (Bases Técnicas Transversales, RT-12.07.)","La sesión expira según la política configurada, el usuario puede revocar sesiones activas.",Muy Alta,RT-12.07
RNF-15.02,Credenciales de sesión firmadas y de vida breve,"Las credenciales de sesión deben ser firmadas y de vida breve, con credencial de refresco rotatoria. Queda prohibido transportar identificadores de sesión en la ruta de la dirección web (URL).","Se emiten, renuevan o transportan credenciales de sesión. (Bases Técnicas Transversales, RT-12.08.)",La inspección de tráfico muestra que los identificadores de sesión no viajan en la URL.,Muy Alta,RT-12.08
RNF-15.03,Registro completo del ciclo de vida de la identidad (auditoría),"El sistema debe registrar auditoría completa del ciclo de vida de la identidad: creación, modificación, elevación, bloqueo y baja de cuentas, con no repudio y retención declarada.","Se crea, modifica, eleva, bloquea o da de baja una cuenta de usuario. (Bases Técnicas Transversales, RT-12.09.)",La auditoría de identidad es consultable y no modificable.,Muy Alta,RT-12.09
RNF-16.01,Indicadores de nivel de servicio medidos sobre experiencia real del usuario,"Los indicadores de nivel de servicio deben medirse sobre la experiencia real de la persona usuaria (percentil 95) y no sobre pruebas sintéticas, sin perjuicio de que estas se empleen como complemento.","Las personas usuarias realizan transacciones que permiten medir la experiencia real del servicio. (Bases Técnicas Transversales, RT-14.03.)",Los SLA/SLO se miden con datos de experiencia real del usuario.,Muy Alta,RT-14.03
RNF-16.02,Libro de operación y guía de resolución documentados,"El PROPONENTE debe documentar un libro de operación y una guía de resolución para cada escenario de falla previsible, con automatización progresiva de las tareas repetitivas.","Se definen los procedimientos de operación y resolución de escenarios de falla previsibles. (Bases Técnicas Transversales, RT-14.05.)",El libro de operación y guía de resolución son entregados y aprobados por el CLIENTE.,Alta,RT-14.05
RNF-16.03,Registros sin datos personales sensibles ni credenciales,"Los registros (logs) de la solución no deben contener datos personales sensibles ni credenciales, y su acceso debe estar controlado y auditado.","Los componentes de la solución generan registros de operación o seguridad. (Bases Técnicas Transversales, RT-14.07.)",La inspección de logs muestra que no contienen credenciales ni datos sensibles.,Muy Alta,RT-14.07
RNF-17.01,Retención de auditoría mínima de 5 años,"El período de retención de la auditoría debe ser el que fije el caso y, en su defecto, no inferior a cinco años.","Se generan registros de auditoría sujetos a la política de retención. (Bases Técnicas Transversales, RT-16.10.)",La auditoría de los últimos 5 años es recuperable y consultable.,Muy Alta,RT-16.10
RNF-17.02,Exportaciones de gran volumen procesadas de forma asíncrona,"Las exportaciones de gran volumen deben procesarse de forma asíncrona, con notificación al completarse y sin bloquear la sesión del usuario.",El usuario solicita una exportación de gran volumen.,"El usuario recibe una notificación cuando la exportación está lista, la sesión no se bloquea.",Alta,RT-16.29
RNF-17.03,Portal público resistente a picos de tráfico,"El portal público debe resistir picos de tráfico sin degradar los servicios transaccionales internos, mediante aislamiento de recursos y caché.",El portal público recibe un pico de tráfico.,"Los servicios transaccionales internos no se degradan, el portal responde dentro de los umbrales de desempeño.",Alta,RT-16.34
RNF-19.01,Cálculo de capacidad con supuestos de usuarios concurrentes y TPS,"El PROPONENTE debe presentar el cálculo de capacidad que sustenta su dimensionamiento, con los supuestos de usuarios concurrentes, transacciones por segundo, volumen de datos y crecimiento anual, tomados de la volumetría del caso.","Se dimensiona la solución a partir de la volumetría del caso y sus supuestos de concurrencia, transacciones y crecimiento. (Bases Técnicas Transversales, RT-09.01.)",El cálculo de capacidad es entregado y justificado en la oferta.,Muy Alta,RT-09.01
RNF-19.02,Escalamiento horizontal automático de capas de aplicación e integración,"Las capas de aplicación e integración deben escalar horizontalmente de forma automática, con umbrales, límites superiores y costo asociado declarados en la oferta.","Se dimensionan y operan las capas de aplicación e integración sujetas a variaciones de carga. (Bases Técnicas Transversales, RT-02.10, RT-09.04.)","La solución escala automáticamente al aumentar la carga, sin intervención manual.",Muy Alta,"RT-02.10, RT-09.04"
RNF-19.03,Identificación del cuello de botella al crecer la carga,El PROPONENTE debe identificar el componente que primero se convertirá en cuello de botella al crecer la carga y explicar cómo lo detectará y cómo lo resolverá.,"Se evalúa el comportamiento de los componentes de la solución al aumentar la carga. (Bases Técnicas Transversales, RT-09.05.)",El cuello de botella es identificado y la estrategia de resolución es documentada.,Alta,RT-09.05
RNF-19.04,Pruebas de carga en Preproducción con 1.5× peak y pruebas de estrés,"Se deben ejecutar pruebas de carga sobre Preproducción con un volumen equivalente a 1,5 veces el peak declarado, y pruebas de estrés hasta identificar el punto de quiebre de la solución.",El ambiente de Preproducción está disponible.,"El informe de pruebas de carga incluye curva de tiempo de respuesta, punto de saturación y consumo de recursos.",Muy Alta,"RT-09.06, RT-09.07"
RNF-20.01,Disponibilidad mensual mínima del 99.9% para servicios críticos,"La solución debe alcanzar una disponibilidad mensual mínima de 99.9% para los servicios clasificados como críticos, medida sobre la transacción de negocio de extremo a extremo.","Se prestan servicios de la solución clasificados como críticos. (Bases Técnicas Transversales, RT-10.01.)",La disponibilidad mensual de los servicios críticos ≥ 99.9%.,Muy Alta,RT-10.01
RNF-20.02,"Clasificación de servicios por criticidad (crítico, alto, medio, bajo)","El PROPONENTE debe clasificar cada servicio de la solución en crítico, alto, medio o bajo, justificando la clasificación con el impacto operacional de su indisponibilidad, y aplicar a cada uno el nivel de servicio correspondiente.","Se identifican los servicios de la solución y el impacto operacional de su indisponibilidad. (Bases Técnicas Transversales, RT-10.02.)",La matriz de clasificación de servicios es entregada y aprobada por el CLIENTE.,Muy Alta,RT-10.02
RNF-20.03,Plan de continuidad del negocio conforme a ISO 22301,"El PROPONENTE debe elaborar un plan de continuidad del negocio conforme a ISO 22301, con análisis de impacto en el negocio, escenarios de contingencia, procedimientos manuales de respaldo y criterios de activación.","Se planifica la continuidad de los procesos de negocio ante escenarios de contingencia. (Bases Técnicas Transversales, RT-10.03.)",El plan de continuidad es entregado y aprobado por el CLIENTE.,Muy Alta,RT-10.03
RNF-20.04,Pruebas de resiliencia con inyección de fallas,"Se deben ejecutar pruebas de resiliencia mediante inyección controlada de fallas (caída de instancia, de zona, de dependencia externa, latencia elevada, saturación de disco) antes de cada paso a producción y al menos una vez por semestre durante la Operación.","Se prepara un paso a producción o corresponde una prueba semestral de resiliencia durante la Operación. (Bases Técnicas Transversales, RT-10.07.)",El informe de pruebas de resiliencia demuestra que la solución tolera las fallas inyectadas.,Alta,RT-10.07
RNF-20.05,Documentación de comportamiento ante falla de dependencias externas,"El PROPONENTE debe documentar, por cada dependencia externa, el comportamiento de la solución cuando esa dependencia no responde, responde con error o responde con lentitud.","La solución se integra con una dependencia externa cuyo error, lentitud o indisponibilidad afecta la operación. (Bases Técnicas Transversales, RT-10.08.)",La documentación es entregada y aprobada por el CLIENTE.,Alta,RT-10.08
RNF-20.06,"Site secundario para DR: RTO ≤ 4h, RPO ≤ 15 min","El PROPONENTE debe habilitar un sitio secundario para recuperación ante desastres, con RTO ≤ 4 horas y RPO ≤ 15 minutos para los servicios críticos, y probar la conmutación al menos 2 veces al año.","Se define la recuperación ante desastres de los servicios críticos y sus pruebas de conmutación. (Bases Técnicas Transversales, RT-07.04, RT-07.07.)",Las pruebas de DR demuestran el cumplimiento de RTO y RPO.,Muy Alta,"RT-07.04, RT-07.07"
RNF-20.07,"Política de respaldo 3-2-1-1-0 (3 copias, 2 medios, 1 fuera de sitio, 1 inmutable, 0 errores)","La política de respaldo debe seguir el esquema 3-2-1-1-0: tres copias, en dos medios distintos, una fuera de sitio, una inmutable o fuera de línea y cero errores de verificación de restauración.","Se define y ejecuta el respaldo de los datos de la solución y su verificación mediante restauración. (Bases Técnicas Transversales, RT-07.09, RT-07.12.)",La política de respaldo es documentada y las pruebas de restauración mensuales demuestran su cumplimiento.,Muy Alta,"RT-07.09, RT-07.12"
RNF-21.01,Centro de operaciones de red (NOC) 24×7×365,"El ADJUDICATARIO debe disponer de un centro de operaciones de red (NOC) con cobertura 24×7×365, propio o subcontratado, y declarar su ubicación, dotación por turno y procedimientos.","Se organiza la operación y el monitoreo continuo de la plataforma. (Bases Técnicas Transversales, RT-21.01.)",El NOC está operativo 24×7×365 y monitorea la solución.,Muy Alta,RT-21.01
RNF-21.02,Gerente de servicio dedicado para el CLIENTE,El ADJUDICATARIO debe designar un gerente de servicio dedicado como contraparte permanente del CLIENTE durante la fase de Operación.,"Se organiza la contraparte de servicio del CLIENTE para la fase de Operación. (Bases Técnicas Transversales, RT-21.02.)",El gerente de servicio es identificado y actúa como único punto de contacto para el CLIENTE.,Muy Alta,RT-21.02
RNF-21.03,"Centro de atención telefónica: 80% en 20 segundos, 70% resolución primer contacto",El centro de atención debe cumplir un tiempo de atención al usuario final de 80% antes de 20 segundos y una resolución al primer contacto de al menos 70%. La tasa de abandono no debe superar el 5%.,"Una persona usuaria contacta al centro de atención para solicitar asistencia. (Bases Técnicas Transversales, RT-21.06.)",Los indicadores del centro de atención cumplen los umbrales establecidos.,Muy Alta,RT-21.06
RNF-21.04,Horario de atención ampliado a 24×7 para incidentes críticos y ventana de despacho (05:30-07:00),"El horario mínimo de atención será de 08:00 a 20:00 en días hábiles, ampliado a 24×7 para los incidentes de severidad crítica y para la ventana operacional crítica (despacho de 05:30 a 07:00).","Se presta atención en días hábiles, ante incidentes críticos o durante la ventana operacional protegida. (Bases Técnicas Transversales, RT-21.07 (Según caso).)",El centro de atención cubre la ventana crítica de despacho y los incidentes críticos 24×7.,Muy Alta,RT-21.07 
RNF-21.05,Dimensionamiento de la dotación del centro de atención con teoría de colas o Erlang C,"El PROPONENTE debe dimensionar la dotación del centro de atención con fundamento cuantitativo, empleando teoría de colas o el modelo Erlang C, a partir del volumen de contactos proyectado del caso.","Se proyecta el volumen de contactos del centro de atención para dimensionar su dotación. (Bases Técnicas Transversales, RT-21.14.)",El dimensionamiento de la dotación es entregado y justificado en la oferta.,Alta,RT-21.14
RNF-21.06,Canal único de registro de incidentes con ticket y seguimiento,"Debe existir un canal único de registro de incidentes y solicitudes, con número de ticket, clasificación por severidad y seguimiento del ciclo de vida completo hasta el cierre conforme.","Se recibe un incidente o una solicitud de servicio. (Bases Técnicas Transversales, RT-21.15.)",Todos los incidentes y solicitudes son registrados y rastreados con un ticket único.,Alta,RT-21.15
RNF-21.07,"Traslado a sitios alejados (Curicó, Chillán, Los Ángeles) para resolución de incidentes","Los especialistas de niveles 2 y 3 deben trasladarse a los sitios alejados (Curicó, Chillán, Los Ángeles) cuando la resolución lo requiera, por el medio más rápido disponible, sin alterar la atención normal del resto de los sitios. El costo del traslado está incluido en la oferta.",La resolución de un incidente en un sitio alejado requiere el traslado de especialistas de niveles 2 y 3.,"Los especialistas se trasladan por el medio más rápido disponible, sin alterar la atención normal de los demás sitios; el costo del traslado está incluido en la oferta.",Alta,RT-21.16 
RNF-21.08,Bolsa anual de horas de mantención evolutiva,"El PROPONENTE debe declarar el tamaño de la bolsa anual de horas de mantención evolutiva, su composición por perfil y el procedimiento de solicitud, estimación, aprobación y liquidación.","Se formula la oferta de mantención evolutiva y su procedimiento de gestión de horas. (Bases Técnicas Transversales, RT-21.19.)",La bolsa de horas es declarada y gestionada conforme al procedimiento acordado.,Alta,RT-21.19
RNF-21.09,Planificación anual de actualizaciones de versiones de componentes,"Las actualizaciones de versión de los componentes de base (sistemas operativos, bases de datos, frameworks) deben planificarse anualmente, con ventana acordada y plan de reversión.","Se planifican las actualizaciones anuales de versión de los componentes de base. (Bases Técnicas Transversales, RT-21.22.)",El plan anual de actualizaciones es presentado y aprobado por el CLIENTE.,Alta,RT-21.22
RNF-22.01,"Plan de capacitación estructurado por perfil (usuarios, administradores, técnicos)","El PROPONENTE debe presentar un plan de capacitación estructurado por perfil: personas usuarias finales, usuarias avanzadas, administradoras, equipo técnico y soporte de niveles 1 y 2.","Se organiza la capacitación de personas usuarias, administradoras, equipo técnico y soporte. (Bases Técnicas Transversales, RT-22.01.)",El plan de capacitación es entregado y aprobado por el CLIENTE.,Muy Alta,RT-22.01
RNF-22.02,"Material de capacitación en español, editable y de propiedad del CLIENTE","Todo el material de capacitación debe entregarse en español, en formato editable (Word, PowerPoint, etc.) y de propiedad del CLIENTE: manuales por perfil, guías rápidas, preguntas frecuentes, videos tutoriales y base de conocimiento consultable.","Se prepara el material del plan de capacitación por perfiles (Bases Técnicas Transversales, RT-22.01 y RT-22.03; Bases Administrativas, Art. 90.1 y 90.3).","Se entregan manuales por perfil, guías rápidas, preguntas frecuentes, videos tutoriales y base de conocimiento consultable, en español, en formato editable y de propiedad del CLIENTE.",Muy Alta,RT-22.03
RNF-22.03,Capacitación sin afectar la operación: programación por turnos y horarios acordados,"La capacitación no podrá afectar la operación del CLIENTE: se programará por turnos y en horarios acordados, considerando la estacionalidad (peaks de septiembre y diciembre) y la ventana operacional (despacho de mañana, preparación nocturna).","Se programan actividades de capacitación para personal que mantiene la operación del CLIENTE. (Bases Técnicas Transversales, RT-22.04 (Según caso).)",La capacitación se ejecuta sin interrupción de la operación.,Muy Alta,RT-22.04 
RNF-22.04,Evaluación y certificación de usuarios administradores y equipo técnico,Las personas usuarias administradoras y el equipo técnico del CLIENTE deben ser evaluados y certificados como condición para el cierre de cada marcha blanca.,La capacitación de administradores y técnicos ha sido completada.,Los administradores y técnicos aprueban la evaluación y son certificados.,Alta,RT-22.05
RNF-22.05,Capacitación de personal nuevo del CLIENTE sin costo adicional durante la Operación,"Durante la Operación, el ADJUDICATARIO debe ejecutar al menos dos jornadas anuales de actualización y capacitar al personal nuevo del CLIENTE sin costo adicional.",Ingresa personal nuevo al CLIENTE.,El personal nuevo recibe capacitación sin costo adicional.,Alta,RT-22.06
RNF-22.06,Acompañamiento y mentoría al equipo técnico del CLIENTE durante 6 meses post producción,El ADJUDICATARIO debe proveer acompañamiento y mentoría al equipo técnico del CLIENTE durante al menos seis meses posteriores al paso a producción de la Etapa 2.,El paso a producción de la Etapa 2 ha ocurrido.,El equipo técnico del CLIENTE recibe acompañamiento y mentoría del ADJUDICATARIO durante 6 meses.,Muy Alta,RT-22.07
RNF-23.01,"Especificación de hardware de terreno con marca, modelo, cantidad y características","El PROPONENTE debe especificar cada dispositivo de terreno (lectores de código, impresoras térmicas, sensores de temperatura, terminales móviles) con marca, modelo de referencia, cantidad, características mínimas, accesorios, consumibles y costo unitario estimado.","Se especifican los dispositivos requeridos para operar la solución en terreno. (Bases Técnicas Transversales, RT-08.10, RT-08.11.)",La especificación de hardware de terreno es entregada en la oferta.,Muy Alta,"RT-08.10, RT-08.11"
RNF-23.02,Dispositivos con grado de protección IP y resistencia a caídas coherentes con el entorno,"Los dispositivos de terreno deben declarar su grado de protección contra polvo y agua (IP) y su resistencia a caídas, coherentes con el entorno de operación (intemperie, humedad, polvo, vibración, temperatura).","Se seleccionan dispositivos de terreno según sus condiciones reales de operación. (Bases Técnicas Transversales, RT-08.12.)",Los dispositivos especificados cumplen con el grado de protección y resistencia requeridos.,Muy Alta,RT-08.12
RNF-23.03,Ciclo de vida esperado de cada dispositivo y plan de reposición durante 56 meses,"El PROPONENTE debe indicar el ciclo de vida esperado de cada dispositivo de terreno, la disponibilidad de repuestos y el plan de reposición durante los 56 meses del Contrato.","Se planifica el uso, la disponibilidad de repuestos y la reposición de dispositivos durante el contrato. (Bases Técnicas Transversales, RT-08.13.)",El plan de reposición de dispositivos es entregado y aprobado por el CLIENTE.,Alta,RT-08.13
RNF-23.04,Estaciones de trabajo para operación y administración con monitores duales,"El PROPONENTE debe especificar las estaciones de trabajo requeridas para la operación y administración de la plataforma, en la cantidad que determine el dimensionamiento del caso, con monitores duales, cumpliendo condiciones ergonómicas NCh 2527 y gestión centralizada con cifrado de disco.","Se dimensionan las estaciones de trabajo destinadas a operar y administrar la plataforma. (Bases Técnicas Transversales, RT-08.07, RT-08.08, RT-08.09.)",Las estaciones de trabajo son especificadas y cumplen con los requisitos ergonómicos y de seguridad.,Alta,"RT-08.07, RT-08.08, RT-08.09"